unidade;ano;mes;readmissoes;altas_validas;obitos;tx_readmissao
HAC;2019,0;5,0;4,0;238,0;21,0;0,018433179723502304
HAC;2019,0;6,0;9,0;346,0;30,0;0,028481012658227847
HAC;2019,0;7,0;17,0;320,0;25,0;0,0576271186440678
HAC;2019,0;8,0;13,0;325,0;29,0;0,04391891891891892
HAC;2019,0;9,0;16,0;286,0;31,0;0,06274509803921569
HAC;2019,0;10,0;24,0;318,0;28,0;0,08275862068965517
HAC;2019,0;11,0;25,0;310,0;21,0;0,08650519031141868
HAC;2019,0;12,0;25,0;313,0;23,0;0,08620689655172414
HAC;2020,0;1,0;20,0;275,0;16,0;0,07722007722007722
HAC;2020,0;2,0;7,0;269,0;24,0;0,02857142857142857
HAC;2020,0;3,0;9,0;297,0;20,0;0,032490974729241874
HAC;2020,0;4,0;7,0;243,0;26,0;0,03225806451612903
HAC;2020,0;5,0;9,0;238,0;19,0;0,0410958904109589
HAC;2020,0;6,0;17,0;242,0;24,0;0,0779816513761468
HAC;2020,0;7,0;15,0;252,0;24,0;0,06578947368421052
HAC;2020,0;8,0;14,0;279,0;22,0;0,054474708171206226
HAC;2020,0;9,0;14,0;254,0;13,0;0,058091286307053944
HAC;2020,0;10,0;13,0;277,0;24,0;0,05138339920948617
HAC;2020,0;11,0;11,0;267,0;28,0;0,04602510460251046
HAC;2020,0;12,0;18,0;274,0;23,0;0,07171314741035857
HAC;2021,0;1,0;11,0;241,0;26,0;0,05116279069767442
HAC;2021,0;2,0;13,0;222,0;16,0;0,06310679611650485
HAC;2021,0;3,0;7,0;276,0;23,0;0,02766798418972332
HAC;2021,0;4,0;16,0;254,0;31,0;0,07174887892376682
HAC;2021,0;5,0;8,0;251,0;19,0;0,034482758620689655
HAC;2021,0;6,0;5,0;266,0;27,0;0,02092050209205021
HAC;2021,0;7,0;17,0;254,0;18,0;0,07203389830508475
HAC;2021,0;8,0;8,0;262,0;21,0;0,03319502074688797
HAC;2021,0;9,0;13,0;268,0;24,0;0,05327868852459016
HAC;2021,0;10,0;14,0;270,0;22,0;0,056451612903225805
HAC;2021,0;11,0;9,0;227,0;26,0;0,04477611940298507
HAC;2021,0;12,0;7,0;242,0;26,0;0,032407407407407406
HAC;2022,0;1,0;19,0;203,0;24,0;0,10614525139664804
HAC;2022,0;2,0;1,0;181,0;20,0;0,006211180124223602
HAC;2022,0;3,0;9,0;198,0;20,0;0,05056179775280899
HAC;2022,0;5,0;9,0;251,0;20,0;0,03896103896103896
HAC;2022,0;6,0;9,0;258,0;24,0;0,038461538461538464
HAC;2022,0;7,0;18,0;244,0;20,0;0,08035714285714286
HAC;2022,0;8,0;6,0;252,0;24,0;0,02631578947368421
HAC;2022,0;9,0;10,0;199,0;15,0;0,05434782608695652
HAC;2022,0;10,0;9,0;239,0;24,0;0,04186046511627907
HAC;2022,0;11,0;11,0;193,0;22,0;0,06432748538011696
HAC;2022,0;12,0;23,0;248,0;19,0;0,10043668122270742
HAC;2023,0;1,0;9,0;203,0;20,0;0,04918032786885246
HAC;2023,0;2,0;12,0;224,0;25,0;0,06030150753768844
HAC;2023,0;3,0;17,0;298,0;35,0;0,06463878326996197
HAC;2023,0;4,0;25,0;257,0;22,0;0,10638297872340426
HAC;2023,0;5,0;11,0;264,0;31,0;0,04721030042918455
HAC;2023,0;6,0;22,0;276,0;25,0;0,08764940239043825
HAC;2023,0;7,0;14,0;275,0;30,0;0,05714285714285714
HAC;2023,0;8,0;29,0;276,0;23,0;0,11462450592885376
HAC;2023,0;9,0;30,0;287,0;30,0;0,11673151750972763
HAC;2023,0;10,0;24,0;277,0;29,0;0,0967741935483871
HAC;2023,0;11,0;22,0;235,0;25,0;0,10476190476190476
HAC;2023,0;12,0;20,0;264,0;22,0;0,08264462809917356
HAC;2024,0;1,0;19,0;263,0;34,0;0,08296943231441048
HAC;2024,0;2,0;27,0;282,0;24,0;0,10465116279069768
HAC;2024,0;3,0;15,0;307,0;27,0;0,05357142857142857
HAC;2024,0;4,0;18,0;327,0;32,0;0,061016949152542375
HAC;2024,0;5,0;30,0;311,0;31,0;0,10714285714285714
HAC;2024,0;6,0;17,0;280,0;21,0;0,06563706563706563
HAC;2024,0;7,0;36,0;290,0;25,0;0,13584905660377358
HAC;2024,0;8,0;33,0;325,0;28,0;0,1111111111111111
HAC;2024,0;9,0;17,0;293,0;28,0;0,06415094339622641
HAC;2024,0;10,0;26,0;323,0;24,0;0,08695652173913043
HAC;2024,0;11,0;38,0;328,0;32,0;0,12837837837837837
HAC;2024,0;12,0;30,0;295,0;25,0;0,1111111111111111
HAC;2025,0;1,0;30,0;318,0;41,0;0,10830324909747292
HAC;2025,0;2,0;28,0;273,0;31,0;0,11570247933884298
HAC;2025,0;3,0;33,0;322,0;22,0;0,11
HAC;2025,0;4,0;41,0;327,0;26,0;0,1362126245847176
HAC;2025,0;5,0;30,0;328,0;40,0;0,10416666666666667
HAC;2025,0;6,0;18,0;306,0;32,0;0,06569343065693431
HAC;2025,0;7,0;14,0;327,0;44,0;0,04946996466431095
HAC;2025,0;8,0;13,0;305,0;36,0;0,048327137546468404
HAC;2025,0;9,0;13,0;312,0;17,0;0,04406779661016949
HAC;2025,0;10,0;12,0;324,0;28,0;0,04054054054054054
HAC;2025,0;11,0;7,0;326,0;25,0;0,023255813953488372
HAC;2025,0;12,0;3,0;299,0;23,0;0,010869565217391304
HAC;2026,0;1,0;2,0;289,0;31,0;0,007751937984496124
HAC;2026,0;2,0;1,0;271,0;21,0;0,004
HAC;2026,0;3,0;6,0;328,0;24,0;0,019736842105263157
HAC;2026,0;4,0;2,0;319,0;27,0;0,00684931506849315
HAC;2026,0;5,0;7,0;319,0;25,0;0,023809523809523808
HAC;2026,0;6,0;8,0;330,0;33,0;0,026936026936026935
HAC;2026,0;7,0;7,0;373,0;34,0;0,02064896755162242
HAC;2026,0;8,0;3,0;348,0;32,0;0,00949367088607595
HEM;2020,0;1,0;2,0;115,0;14,0;0,019801980198019802
HEM;2020,0;2,0;3,0;104,0;11,0;0,03225806451612903
HEM;2020,0;5,0;1,0;206,0;30,0;0,005681818181818182
HEM;2020,0;6,0;1,0;180,0;31,0;0,006711409395973154
HEM;2020,0;7,0;3,0;257,0;49,0;0,014423076923076924
HEM;2020,0;8,0;1,0;173,0;33,0;0,007142857142857143
HEM;2020,0;10,0;2,0;153,0;25,0;0,015625
HEM;2020,0;12,0;2,0;233,0;48,0;0,010810810810810811
HEM;2021,0;1,0;3,0;206,0;44,0;0,018518518518518517
HEM;2021,0;2,0;2,0;148,0;23,0;0,016
HEM;2021,0;4,0;1,0;265,0;55,0;0,004761904761904762
HEM;2021,0;5,0;1,0;241,0;34,0;0,004830917874396135
HEM;2021,0;8,0;4,0;167,0;20,0;0,027210884353741496
HEM;2021,0;9,0;3,0;134,0;13,0;0,024793388429752067
HEM;2021,0;10,0;1,0;149,0;18,0;0,007633587786259542
HEM;2021,0;11,0;4,0;169,0;17,0;0,02631578947368421
HEM;2021,0;12,0;4,0;164,0;18,0;0,0273972602739726
HEM;2022,0;1,0;2,0;205,0;33,0;0,011627906976744186
HEM;2022,0;2,0;2,0;138,0;24,0;0,017543859649122806
HEM;2022,0;3,0;3,0;119,0;18,0;0,0297029702970297
HEM;2022,0;4,0;7,0;121,0;15,0;0,0660377358490566
HEM;2022,0;5,0;4,0;145,0;23,0;0,03278688524590164
HEM;2022,0;6,0;3,0;174,0;13,0;0,018633540372670808
HEM;2022,0;7,0;2,0;162,0;21,0;0,014184397163120567
HEM;2022,0;8,0;4,0;149,0;13,0;0,029411764705882353
HEM;2022,0;9,0;7,0;185,0;15,0;0,041176470588235294
HEM;2022,0;10,0;1,0;161,0;10,0;0,006622516556291391
HEM;2022,0;11,0;7,0;176,0;20,0;0,04487179487179487
HEM;2022,0;12,0;4,0;198,0;15,0;0,02185792349726776
HEM;2023,0;1,0;4,0;160,0;14,0;0,0273972602739726
HEM;2023,0;2,0;2,0;152,0;12,0;0,014285714285714285
HEM;2023,0;3,0;10,0;162,0;16,0;0,0684931506849315
HEM;2023,0;4,0;5,0;149,0;3,0;0,03424657534246575
HEM;2023,0;5,0;3,0;145,0;11,0;0,022388059701492536
HEM;2023,0;6,0;10,0;162,0;10,0;0,06578947368421052
HEM;2023,0;7,0;3,0;131,0;9,0;0,02459016393442623
HEM;2023,0;8,0;5,0;179,0;17,0;0,030864197530864196
HEM;2023,0;9,0;3,0;133,0;13,0;0,025
HEM;2023,0;10,0;5,0;123,0;11,0;0,044642857142857144
HEM;2023,0;11,0;4,0;131,0;14,0;0,03418803418803419
HEM;2023,0;12,0;3,0;134,0;19,0;0,02608695652173913
HEM;2024,0;1,0;3,0;248,0;16,0;0,01293103448275862
HEM;2024,0;2,0;2,0;376,0;10,0;0,00546448087431694
HEM;2024,0;3,0;3,0;418,0;12,0;0,007389162561576354
HEM;2024,0;4,0;2,0;374,0;11,0;0,005509641873278237
HEM;2024,0;5,0;2,0;256,0;14,0;0,008264462809917356
HEM;2024,0;6,0;4,0;164,0;18,0;0,0273972602739726
HEM;2024,0;7,0;4,0;158,0;6,0;0,02631578947368421
HEM;2024,0;8,0;5,0;136,0;8,0;0,0390625
HEM;2024,0;9,0;5,0;156,0;14,0;0,035211267605633804
HEM;2024,0;10,0;2,0;144,0;4,0;0,014285714285714285
HEM;2024,0;11,0;12,0;148,0;12,0;0,08823529411764706
HEM;2024,0;12,0;7,0;143,0;12,0;0,05343511450381679
HEM;2025,0;1,0;5,0;142,0;10,0;0,03787878787878788
HEM;2025,0;2,0;6,0;132,0;15,0;0,05128205128205128
HEM;2025,0;3,0;5,0;158,0;10,0;0,033783783783783786
HEM;2025,0;4,0;5,0;171,0;13,0;0,03164556962025317
HEM;2025,0;5,0;2,0;178,0;17,0;0,012422360248447204
HEM;2025,0;6,0;6,0;155,0;22,0;0,045112781954887216
HEM;2025,0;7,0;7,0;184,0;16,0;0,041666666666666664
HEM;2025,0;8,0;6,0;165,0;15,0;0,04
HEM;2025,0;9,0;4,0;184,0;10,0;0,022988505747126436
HEM;2025,0;10,0;6,0;193,0;13,0;0,03333333333333333
HEM;2025,0;11,0;5,0;154,0;12,0;0,035211267605633804
HEM;2025,0;12,0;7,0;171,0;11,0;0,04375
HEM;2026,0;1,0;6,0;154,0;15,0;0,04316546762589928
HEM;2026,0;2,0;1,0;141,0;9,0;0,007575757575757576
HEM;2026,0;3,0;2,0;178,0;14,0;0,012195121951219513
HEM;2026,0;5,0;4,0;191,0;15,0;0,022727272727272728
HEM;2026,0;6,0;4,0;176,0;10,0;0,024096385542168676
HEM;2026,0;7,0;2,0;180,0;16,0;0,012195121951219513
HEM;2026,0;8,0;1,0;154,0;11,0;0,006993006993006993
HIJPII;2019,0;5,0;2,0;213,0;0,0;0,009389671361502348
HIJPII;2020,0;1,0;6,0;288,0;5,0;0,02120141342756184
HIJPII;2020,0;2,0;3,0;319,0;2,0;0,00946372239747634
HIJPII;2020,0;5,0;4,0;58,0;4,0;0,07407407407407407
HIJPII;2020,0;6,0;3,0;260,0;2,0;0,011627906976744186
HIJPII;2020,0;7,0;2,0;368,0;3,0;0,005479452054794521
HIJPII;2020,0;8,0;6,0;309,0;3,0;0,0196078431372549
HIJPII;2020,0;9,0;5,0;282,0;2,0;0,017857142857142856
HIJPII;2020,0;10,0;3,0;292,0;1,0;0,010309278350515464
HIJPII;2020,0;11,0;4,0;344,0;8,0;0,011904761904761904
HIJPII;2020,0;12,0;2,0;168,0;2,0;0,012048192771084338
HIJPII;2021,0;1,0;6,0;320,0;3,0;0,01892744479495268
HIJPII;2021,0;2,0;8,0;327,0;5,0;0,024844720496894408
HIJPII;2021,0;3,0;1,0;308,0;0,0;0,003246753246753247
HIJPII;2021,0;5,0;8,0;237,0;2,0;0,03404255319148936
HIJPII;2021,0;6,0;2,0;116,0;2,0;0,017543859649122806
HIJPII;2021,0;7,0;15,0;327,0;4,0;0,04643962848297214
HIJPII;2021,0;8,0;15,0;309,0;3,0;0,049019607843137254
HIJPII;2021,0;9,0;11,0;341,0;3,0;0,03254437869822485
HIJPII;2021,0;10,0;26,0;363,0;1,0;0,0718232044198895
HIJPII;2021,0;11,0;20,0;366,0;5,0;0,055401662049861494
HIJPII;2021,0;12,0;18,0;436,0;2,0;0,041474654377880185
HIJPII;2022,0;1,0;12,0;361,0;3,0;0,0335195530726257
HIJPII;2022,0;2,0;5,0;107,0;0,0;0,04672897196261682
HIJPII;2022,0;3,0;20,0;327,0;3,0;0,06172839506172839
HIJPII;2022,0;4,0;19,0;269,0;2,0;0,07116104868913857
HIJPII;2022,0;5,0;36,0;404,0;4,0;0,09
HIJPII;2022,0;6,0;31,0;387,0;4,0;0,08093994778067885
HIJPII;2022,0;7,0;24,0;378,0;1,0;0,0636604774535809
HIJPII;2022,0;8,0;11,0;319,0;0,0;0,034482758620689655
HIJPII;2022,0;9,0;25,0;365,0;2,0;0,06887052341597796
HIJPII;2022,0;10,0;8,0;261,0;1,0;0,03076923076923077
HIJPII;2022,0;11,0;19,0;417,0;6,0;0,046228710462287104
HIJPII;2022,0;12,0;21,0;344,0;3,0;0,06158357771260997
HIJPII;2023,0;1,0;25,0;306,0;3,0;0,08250825082508251
HIJPII;2023,0;2,0;28,0;419,0;1,0;0,06698564593301436
HIJPII;2023,0;3,0;27,0;503,0;2,0;0,05389221556886228
HIJPII;2023,0;4,0;8,0;261,0;0,0;0,03065134099616858
HIJPII;2023,0;5,0;31,0;458,0;2,0;0,06798245614035088
HIJPII;2023,0;6,0;32,0;399,0;4,0;0,0810126582278481
HIJPII;2023,0;7,0;44,0;451,0;2,0;0,09799554565701558
HIJPII;2023,0;8,0;26,0;374,0;3,0;0,07008086253369272
HIJPII;2023,0;9,0;35,0;390,0;1,0;0,08997429305912596
HIJPII;2023,0;10,0;29,0;352,0;3,0;0,0830945558739255
HIJPII;2023,0;11,0;23,0;323,0;4,0;0,07210031347962383
HIJPII;2023,0;12,0;20,0;321,0;4,0;0,06309148264984227
HIJPII;2024,0;1,0;20,0;316,0;3,0;0,06389776357827476
HIJPII;2024,0;2,0;26,0;408,0;4,0;0,06435643564356436
HIJPII;2024,0;3,0;33,0;607,0;3,0;0,054635761589403975
HIJPII;2024,0;4,0;45,0;614,0;3,0;0,07364975450081833
HIJPII;2024,0;5,0;30,0;498,0;5,0;0,060851926977687626
HIJPII;2024,0;6,0;21,0;401,0;0,0;0,05236907730673317
HIJPII;2024,0;7,0;30,0;389,0;2,0;0,07751937984496124
HIJPII;2024,0;8,0;28,0;350,0;4,0;0,08092485549132948
HIJPII;2024,0;9,0;37,0;390,0;4,0;0,09585492227979274
HIJPII;2024,0;10,0;45,0;383,0;2,0;0,11811023622047244
HIJPII;2024,0;11,0;35,0;352,0;1,0;0,09971509971509972
HIJPII;2024,0;12,0;34,0;407,0;3,0;0,08415841584158416
HIJPII;2025,0;1,0;20,0;345,0;1,0;0,05813953488372093
HIJPII;2025,0;2,0;16,0;346,0;4,0;0,04678362573099415
HIJPII;2025,0;3,0;16,0;444,0;2,0;0,03619909502262444
HIJPII;2025,0;4,0;12,0;286,0;1,0;0,042105263157894736
HIJPII;2025,0;5,0;21,0;540,0;5,0;0,03925233644859813
HIJPII;2025,0;6,0;14,0;456,0;3,0;0,03090507726269316
HIJPII;2025,0;7,0;21,0;379,0;1,0;0,05555555555555555
HIJPII;2025,0;8,0;14,0;315,0;0,0;0,044444444444444446
HIJPII;2025,0;9,0;11,0;301,0;2,0;0,03678929765886288
HIJPII;2025,0;10,0;25,0;327,0;2,0;0,07692307692307693
HIJPII;2025,0;11,0;14,0;332,0;6,0;0,04294478527607362
HIJPII;2025,0;12,0;11,0;340,0;3,0;0,032640949554896145
HIJPII;2026,0;1,0;20,0;290,0;3,0;0,06968641114982578
HIJPII;2026,0;2,0;10,0;245,0;0,0;0,04081632653061224
HIJPII;2026,0;3,0;3,0;194,0;0,0;0,015463917525773196
HIJPII;2026,0;4,0;12,0;404,0;2,0;0,029850746268656716
HIJPII;2026,0;5,0;28,0;495,0;4,0;0,05702647657841141
HIJPII;2026,0;6,0;19,0;489,0;3,0;0,03909465020576132
HIJPII;2026,0;7,0;11,0;436,0;3,0;0,025404157043879907
HIJPII;2026,0;8,0;5,0;346,0;3,0;0,014577259475218658
HJK;2020,0;1,0;32,0;925,0;35,0;0,035955056179775284
HJK;2020,0;2,0;9,0;698,0;26,0;0,013392857142857142
HJK;2020,0;3,0;6,0;873,0;25,0;0,007075471698113208
HJK;2020,0;4,0;14,0;693,0;26,0;0,020989505247376312
HJK;2020,0;5,0;2,0;735,0;28,0;0,002828854314002829
HJK;2020,0;6,0;1,0;695,0;29,0;0,0015015015015015015
HJK;2020,0;7,0;5,0;692,0;49,0;0,007776049766718507
HJK;2020,0;8,0;7,0;594,0;47,0;0,012797074954296161
HJK;2020,0;9,0;11,0;662,0;38,0;0,017628205128205128
HJK;2020,0;10,0;14,0;680,0;39,0;0,0218408736349454
HJK;2020,0;11,0;8,0;648,0;24,0;0,01282051282051282
HJK;2020,0;12,0;6,0;703,0;39,0;0,009036144578313253
HJK;2021,0;1,0;17,0;648,0;41,0;0,02800658978583196
HJK;2021,0;2,0;8,0;622,0;44,0;0,01384083044982699
HJK;2021,0;3,0;3,0;823,0;66,0;0,003963011889035667
HJK;2021,0;4,0;3,0;659,0;57,0;0,0049833887043189366
HJK;2021,0;5,0;5,0;635,0;32,0;0,008291873963515755
HJK;2021,0;6,0;4,0;661,0;44,0;0,006482982171799027
HJK;2021,0;7,0;10,0;747,0;29,0;0,013927576601671309
HJK;2021,0;8,0;9,0;706,0;27,0;0,013254786450662739
HJK;2021,0;9,0;11,0;548,0;21,0;0,020872865275142316
HJK;2021,0;10,0;10,0;679,0;31,0;0,015432098765432098
HJK;2021,0;11,0;13,0;645,0;23,0;0,02090032154340836
HJK;2021,0;12,0;11,0;711,0;38,0;0,01634472511144131
HJK;2022,0;1,0;5,0;704,0;38,0;0,0075075075075075074
HJK;2022,0;2,0;8,0;562,0;37,0;0,015238095238095238
HJK;2022,0;3,0;17,0;663,0;24,0;0,026604068857589983
HJK;2022,0;4,0;24,0;657,0;27,0;0,0380952380952381
HJK;2022,0;5,0;8,0;674,0;28,0;0,01238390092879257
HJK;2022,0;6,0;6,0;638,0;24,0;0,009771986970684038
HJK;2022,0;7,0;6,0;665,0;28,0;0,009419152276295133
HJK;2022,0;8,0;6,0;750,0;23,0;0,008253094910591471
HJK;2022,0;9,0;8,0;799,0;17,0;0,010230179028132993
HJK;2022,0;10,0;10,0;783,0;23,0;0,013157894736842105
HJK;2022,0;11,0;15,0;703,0;24,0;0,022091310751104567
HJK;2022,0;12,0;19,0;770,0;35,0;0,02585034013605442
HJK;2023,0;1,0;19,0;715,0;28,0;0,027656477438136828
HJK;2023,0;2,0;21,0;736,0;35,0;0,029957203994293864
HJK;2023,0;3,0;31,0;852,0;30,0;0,037712895377128956
HJK;2023,0;4,0;33,0;782,0;27,0;0,04370860927152318
HJK;2023,0;5,0;18,0;877,0;30,0;0,021251475796930343
HJK;2023,0;6,0;22,0;818,0;32,0;0,027989821882951654
HJK;2023,0;7,0;20,0;846,0;27,0;0,02442002442002442
HJK;2023,0;8,0;11,0;662,0;33,0;0,017488076311605722
HJK;2023,0;9,0;11,0;829,0;39,0;0,013924050632911392
HJK;2023,0;10,0;9,0;682,0;21,0;0,01361573373676248
HJK;2023,0;11,0;20,0;896,0;33,0;0,023174971031286212
HJK;2023,0;12,0;24,0;934,0;47,0;0,02705749718151071
HJK;2024,0;1,0;22,0;930,0;36,0;0,024608501118568233
HJK;2024,0;2,0;39,0;1044,0;52,0;0,03931451612903226
HJK;2024,0;3,0;29,0;1265,0;52,0;0,023907666941467436
HJK;2024,0;4,0;35,0;1180,0;42,0;0,030755711775043937
HJK;2024,0;5,0;55,0;1238,0;67,0;0,04696840307429547
HJK;2024,0;6,0;45,0;1129,0;59,0;0,04205607476635514
HJK;2024,0;7,0;50,0;1128,0;45,0;0,046168051708217916
HJK;2024,0;8,0;44,0;1128,0;58,0;0,041121495327102804
HJK;2024,0;9,0;38,0;1059,0;43,0;0,03740157480314961
HJK;2024,0;10,0;43,0;1146,0;55,0;0,03941338221814849
HJK;2024,0;11,0;43,0;1075,0;43,0;0,041666666666666664
HJK;2024,0;12,0;49,0;1129,0;66,0;0,04609595484477893
HJK;2025,0;1,0;48,0;1155,0;52,0;0,043517679057116954
HJK;2025,0;2,0;36,0;1063,0;45,0;0,03536345776031434
HJK;2025,0;3,0;29,0;1192,0;38,0;0,02512998266897747
HJK;2025,0;4,0;32,0;1143,0;48,0;0,029223744292237442
HJK;2025,0;5,0;18,0;1098,0;62,0;0,017374517374517374
HJK;2025,0;6,0;13,0;1010,0;56,0;0,013626834381551363
HJK;2025,0;7,0;29,0;1186,0;70,0;0,025985663082437275
HJK;2025,0;8,0;19,0;1112,0;56,0;0,017992424242424244
HJK;2025,0;9,0;36,0;1156,0;51,0;0,03257918552036199
HJK;2025,0;10,0;14,0;1106,0;56,0;0,013333333333333334
HJK;2025,0;11,0;37,0;1053,0;60,0;0,03726082578046324
HJK;2025,0;12,0;18,0;1195,0;67,0;0,015957446808510637
HJK;2026,0;1,0;13,0;1167,0;60,0;0,011743450767841012
HJK;2026,0;2,0;8,0;1136,0;52,0;0,007380073800738007
HJK;2026,0;3,0;5,0;1179,0;63,0;0,004480286738351254
HJK;2026,0;4,0;10,0;1128,0;59,0;0,009354536950420954
HJK;2026,0;5,0;13,0;1229,0;73,0;0,01124567474048443
HJK;2026,0;6,0;6,0;1180,0;49,0;0,005305039787798408
HJK;2026,0;7,0;6,0;1246,0;64,0;0,005076142131979695
HJK;2026,0;8,0;6,0;1181,0;68,0;0,005390835579514825
HJXXIII;2020,0;4,0;1,0;161,0;12,0;0,006711409395973154
HJXXIII;2020,0;5,0;3,0;429,0;20,0;0,007334963325183374
HJXXIII;2020,0;6,0;4,0;736,0;32,0;0,005681818181818182
HJXXIII;2020,0;7,0;14,0;947,0;54,0;0,015677491601343786
HJXXIII;2020,0;8,0;8,0;757,0;39,0;0,011142061281337047
HJXXIII;2020,0;9,0;11,0;951,0;46,0;0,012154696132596685
HJXXIII;2020,0;10,0;17,0;1005,0;51,0;0,01781970649895178
HJXXIII;2020,0;11,0;13,0;924,0;40,0;0,014705882352941176
HJXXIII;2020,0;12,0;3,0;331,0;15,0;0,00949367088607595
HJXXIII;2021,0;1,0;2,0;578,0;30,0;0,0036496350364963502
HJXXIII;2021,0;3,0;6,0;652,0;30,0;0,00964630225080386
HJXXIII;2021,0;4,0;2,0;351,0;25,0;0,006134969325153374
HJXXIII;2021,0;5,0;18,0;708,0;50,0;0,02735562310030395
HJXXIII;2021,0;6,0;8,0;613,0;20,0;0,013490725126475547
HJXXIII;2021,0;7,0;13,0;952,0;40,0;0,01425438596491228
HJXXIII;2021,0;8,0;19,0;862,0;27,0;0,022754491017964073
HJXXIII;2021,0;9,0;24,0;903,0;47,0;0,028037383177570093
HJXXIII;2021,0;10,0;13,0;949,0;37,0;0,01425438596491228
HJXXIII;2021,0;11,0;21,0;912,0;36,0;0,023972602739726026
HJXXIII;2021,0;12,0;22,0;943,0;38,0;0,02430939226519337
HJXXIII;2022,0;1,0;15,0;934,0;41,0;0,0167973124300112
HJXXIII;2022,0;2,0;1,0;351,0;19,0;0,0030120481927710845
HJXXIII;2022,0;3,0;10,0;939,0;38,0;0,011098779134295227
HJXXIII;2022,0;4,0;5,0;451,0;19,0;0,011574074074074073
HJXXIII;2022,0;5,0;13,0;869,0;37,0;0,015625
HJXXIII;2022,0;6,0;15,0;837,0;31,0;0,018610421836228287
HJXXIII;2022,0;7,0;17,0;958,0;38,0;0,01847826086956522
HJXXIII;2022,0;8,0;15,0;826,0;42,0;0,01913265306122449
HJXXIII;2022,0;9,0;23,0;906,0;32,0;0,02631578947368421
HJXXIII;2022,0;10,0;12,0;714,0;28,0;0,01749271137026239
HJXXIII;2022,0;11,0;22,0;875,0;26,0;0,02591283863368669
HJXXIII;2022,0;12,0;21,0;777,0;27,0;0,028
HJXXIII;2023,0;1,0;16,0;901,0;30,0;0,018369690011481057
HJXXIII;2023,0;2,0;14,0;837,0;35,0;0,017456359102244388
HJXXIII;2023,0;3,0;14,0;892,0;32,0;0,01627906976744186
HJXXIII;2023,0;4,0;15,0;841,0;31,0;0,018518518518518517
HJXXIII;2023,0;5,0;20,0;1005,0;34,0;0,02059732234809475
HJXXIII;2023,0;6,0;18,0;937,0;42,0;0,02011173184357542
HJXXIII;2023,0;7,0;24,0;992,0;67,0;0,025945945945945945
HJXXIII;2023,0;8,0;25,0;978,0;42,0;0,026709401709401708
HJXXIII;2023,0;9,0;32,0;960,0;48,0;0,03508771929824561
HJXXIII;2023,0;10,0;35,0;1041,0;54,0;0,03546099290780142
HJXXIII;2023,0;11,0;53,0;978,0;47,0;0,05692803437164339
HJXXIII;2023,0;12,0;43,0;999,0;43,0;0,04497907949790795
HJXXIII;2024,0;1,0;33,0;922,0;48,0;0,03775743707093822
HJXXIII;2024,0;2,0;26,0;913,0;49,0;0,03009259259259259
HJXXIII;2024,0;3,0;31,0;1111,0;58,0;0,029439696106362774
HJXXIII;2024,0;4,0;43,0;1070,0;48,0;0,04207436399217221
HJXXIII;2024,0;5,0;32,0;1114,0;58,0;0,030303030303030304
HJXXIII;2024,0;6,0;36,0;988,0;41,0;0,03801478352692714
HJXXIII;2024,0;7,0;39,0;1073,0;51,0;0,03816046966731898
HJXXIII;2024,0;8,0;22,0;988,0;50,0;0,023454157782515993
HJXXIII;2024,0;9,0;22,0;977,0;51,0;0,023758099352051837
HJXXIII;2024,0;10,0;26,0;1010,0;39,0;0,026776519052523172
HJXXIII;2024,0;11,0;29,0;953,0;52,0;0,03218645948945616
HJXXIII;2024,0;12,0;40,0;1045,0;54,0;0,04036326942482341
HJXXIII;2025,0;1,0;23,0;1155,0;43,0;0,02068345323741007
HJXXIII;2025,0;2,0;20,0;990,0;35,0;0,020942408376963352
HJXXIII;2025,0;3,0;32,0;1095,0;45,0;0,030476190476190476
HJXXIII;2025,0;4,0;15,0;670,0;25,0;0,023255813953488372
HJXXIII;2025,0;5,0;15,0;1135,0;48,0;0,013799448022079117
HJXXIII;2025,0;6,0;30,0;1102,0;39,0;0,028222013170272814
HJXXIII;2025,0;7,0;15,0;1084,0;40,0;0,014367816091954023
HJXXIII;2025,0;8,0;20,0;1141,0;37,0;0,018115942028985508
HJXXIII;2025,0;9,0;22,0;1074,0;43,0;0,02133850630455868
HJXXIII;2025,0;10,0;20,0;1198,0;46,0;0,017361111111111112
HJXXIII;2025,0;11,0;22,0;977,0;39,0;0,023454157782515993
HJXXIII;2025,0;12,0;16,0;1118,0;51,0;0,01499531396438613
HJXXIII;2026,0;1,0;14,0;1028,0;33,0;0,01407035175879397
HJXXIII;2026,0;2,0;7,0;937,0;40,0;0,007803790412486065
HJXXIII;2026,0;3,0;5,0;554,0;25,0;0,00945179584120983
HJXXIII;2026,0;4,0;35,0;1001,0;36,0;0,03626943005181347
HJXXIII;2026,0;5,0;43,0;1246,0;53,0;0,03604358759430008
HJXXIII;2026,0;6,0;48,0;1282,0;41,0;0,038678485092667206
HJXXIII;2026,0;7,0;32,0;1190,0;44,0;0,027923211169284468
HJXXIII;2026,0;8,0;11,0;1226,0;54,0;0,00938566552901024
HRAD;2019,0;5,0;1,0;123,0;6,0;0,008547008547008548
HRAD;2019,0;6,0;7,0;410,0;17,0;0,017811704834605598
HRAD;2019,0;7,0;11,0;601,0;28,0;0,019197207678883072
HRAD;2019,0;8,0;23,0;570,0;36,0;0,04307116104868914
HRAD;2019,0;9,0;25,0;531,0;27,0;0,0496031746031746
HRAD;2019,0;10,0;18,0;521,0;17,0;0,03571428571428571
HRAD;2019,0;11,0;33,0;531,0;17,0;0,06420233463035019
HRAD;2019,0;12,0;21,0;600,0;24,0;0,036458333333333336
HRAD;2020,0;1,0;13,0;618,0;23,0;0,021848739495798318
HRAD;2020,0;2,0;24,0;624,0;29,0;0,040336134453781515
HRAD;2020,0;3,0;22,0;649,0;24,0;0,0352
HRAD;2020,0;4,0;25,0;606,0;25,0;0,043029259896729774
HRAD;2020,0;5,0;36,0;664,0;28,0;0,05660377358490566
HRAD;2020,0;6,0;28,0;540,0;48,0;0,056910569105691054
HRAD;2020,0;7,0;26,0;527,0;36,0;0,05295315682281059
HRAD;2020,0;8,0;26,0;528,0;50,0;0,05439330543933055
HRAD;2020,0;9,0;29,0;556,0;61,0;0,05858585858585859
HRAD;2020,0;10,0;23,0;535,0;43,0;0,046747967479674794
HRAD;2020,0;11,0;25,0;517,0;37,0;0,052083333333333336
HRAD;2020,0;12,0;39,0;496,0;28,0;0,08333333333333333
HRAD;2021,0;1,0;20,0;555,0;36,0;0,038535645472061654
HRAD;2021,0;2,0;15,0;577,0;36,0;0,027726432532347505
HRAD;2021,0;3,0;26,0;606,0;33,0;0,04537521815008726
HRAD;2021,0;4,0;29,0;651,0;40,0;0,04746317512274959
HRAD;2021,0;5,0;22,0;585,0;38,0;0,04021937842778794
HRAD;2021,0;6,0;21,0;590,0;40,0;0,038181818181818185
HRAD;2021,0;7,0;23,0;687,0;45,0;0,03582554517133956
HRAD;2021,0;8,0;16,0;615,0;27,0;0,027210884353741496
HRAD;2021,0;9,0;23,0;631,0;28,0;0,03814262023217247
HRAD;2021,0;10,0;17,0;581,0;22,0;0,03041144901610018
HRAD;2021,0;11,0;20,0;615,0;28,0;0,034071550255536626
HRAD;2021,0;12,0;15,0;621,0;26,0;0,025210084033613446
HRAD;2022,0;1,0;14,0;577,0;27,0;0,025454545454545455
HRAD;2022,0;2,0;20,0;590,0;27,0;0,035523978685612786
HRAD;2022,0;3,0;19,0;674,0;28,0;0,029411764705882353
HRAD;2022,0;4,0;17,0;665,0;26,0;0,026604068857589983
HRAD;2022,0;5,0;23,0;659,0;23,0;0,036163522012578615
HRAD;2022,0;6,0;25,0;629,0;13,0;0,040584415584415584
HRAD;2022,0;7,0;18,0;570,0;21,0;0,03278688524590164
HRAD;2022,0;8,0;23,0;642,0;22,0;0,037096774193548385
HRAD;2022,0;9,0;25,0;556,0;26,0;0,04716981132075472
HRAD;2022,0;10,0;18,0;557,0;19,0;0,03345724907063197
HRAD;2022,0;11,0;22,0;624,0;28,0;0,03691275167785235
HRAD;2022,0;12,0;16,0;634,0;35,0;0,02671118530884808
HRAD;2023,0;1,0;21,0;688,0;30,0;0,031914893617021274
HRAD;2023,0;2,0;11,0;598,0;21,0;0,019064124783362217
HRAD;2023,0;3,0;22,0;702,0;23,0;0,03240058910162003
HRAD;2023,0;4,0;14,0;673,0;29,0;0,021739130434782608
HRAD;2023,0;5,0;19,0;680,0;30,0;0,02923076923076923
HRAD;2023,0;6,0;14,0;711,0;26,0;0,020437956204379562
HRAD;2023,0;7,0;16,0;644,0;22,0;0,02572347266881029
HRAD;2023,0;8,0;13,0;595,0;29,0;0,022968197879858657
HRAD;2023,0;9,0;24,0;732,0;26,0;0,0339943342776204
HRAD;2023,0;10,0;12,0;712,0;22,0;0,017391304347826087
HRAD;2023,0;11,0;26,0;653,0;41,0;0,042483660130718956
HRAD;2023,0;12,0;25,0;747,0;44,0;0,03556187766714083
HRAD;2024,0;1,0;18,0;712,0;19,0;0,025974025974025976
HRAD;2024,0;2,0;17,0;631,0;29,0;0,02823920265780731
HRAD;2024,0;3,0;9,0;724,0;29,0;0,012949640287769784
HRAD;2024,0;4,0;10,0;675,0;37,0;0,01567398119122257
HRAD;2024,0;5,0;19,0;702,0;26,0;0,028106508875739646
HRAD;2024,0;6,0;16,0;683,0;39,0;0,024844720496894408
HRAD;2024,0;7,0;29,0;692,0;40,0;0,04447852760736196
HRAD;2024,0;8,0;19,0;739,0;33,0;0,026912181303116147
HRAD;2024,0;9,0;23,0;725,0;33,0;0,033236994219653176
HRAD;2024,0;10,0;24,0;760,0;30,0;0,03287671232876712
HRAD;2024,0;11,0;13,0;734,0;31,0;0,01849217638691323
HRAD;2024,0;12,0;15,0;781,0;41,0;0,02027027027027027
HRAD;2025,0;1,0;17,0;742,0;28,0;0,023809523809523808
HRAD;2025,0;2,0;11,0;689,0;32,0;0,0167427701674277
HRAD;2025,0;3,0;22,0;759,0;23,0;0,029891304347826088
HRAD;2025,0;4,0;35,0;755,0;41,0;0,049019607843137254
HRAD;2025,0;5,0;21,0;708,0;34,0;0,03115727002967359
HRAD;2025,0;6,0;14,0;741,0;36,0;0,019858156028368795
HRAD;2025,0;7,0;8,0;777,0;37,0;0,010810810810810811
HRAD;2025,0;8,0;9,0;738,0;26,0;0,012640449438202247
HRAD;2025,0;9,0;10,0;842,0;35,0;0,012391573729863693
HRAD;2025,0;10,0;13,0;787,0;33,0;0,017241379310344827
HRAD;2025,0;11,0;6,0;806,0;38,0;0,0078125
HRAD;2025,0;12,0;5,0;768,0;31,0;0,0067842605156037995
HRAD;2026,0;1,0;11,0;833,0;32,0;0,01373283395755306
HRAD;2026,0;2,0;2,0;730,0;29,0;0,0028530670470756064
HRAD;2026,0;3,0;9,0;804,0;24,0;0,011538461538461539
HRAD;2026,0;4,0;3,0;813,0;36,0;0,003861003861003861
HRAD;2026,0;5,0;5,0;816,0;28,0;0,006345177664974619
HRAD;2026,0;6,0;8,0;691,0;28,0;0,012066365007541479
HRAD;2026,0;7,0;8,0;707,0;27,0;0,011764705882352941
HRAD;2026,0;8,0;7,0;717,0;36,0;0,010279001468428781
HRBJA;2019,0;10,0;2,0;110,0;9,0;0,019801980198019802
HRBJA;2020,0;5,0;1,0;1,0;0,0;1,0
HRBJA;2020,0;6,0;8,0;183,0;19,0;0,04878048780487805
HRBJA;2020,0;7,0;4,0;221,0;24,0;0,02030456852791878
HRBJA;2020,0;8,0;7,0;212,0;22,0;0,03684210526315789
HRBJA;2020,0;9,0;5,0;199,0;19,0;0,027777777777777776
HRBJA;2020,0;10,0;9,0;186,0;23,0;0,05521472392638037
HRBJA;2020,0;11,0;6,0;165,0;17,0;0,04054054054054054
HRBJA;2020,0;12,0;3,0;173,0;18,0;0,01935483870967742
HRBJA;2021,0;1,0;5,0;158,0;13,0;0,034482758620689655
HRBJA;2021,0;2,0;4,0;154,0;11,0;0,027972027972027972
HRBJA;2021,0;3,0;6,0;181,0;11,0;0,03529411764705882
HRBJA;2021,0;4,0;5,0;199,0;24,0;0,02857142857142857
HRBJA;2021,0;5,0;2,0;196,0;15,0;0,011049723756906077
HRBJA;2021,0;6,0;7,0;198,0;17,0;0,03867403314917127
HRBJA;2021,0;7,0;12,0;207,0;17,0;0,06315789473684211
HRBJA;2021,0;8,0;6,0;194,0;18,0;0,03409090909090909
HRBJA;2021,0;9,0;6,0;178,0;19,0;0,03773584905660377
HRBJA;2021,0;10,0;7,0;190,0;23,0;0,041916167664670656
HRBJA;2021,0;11,0;7,0;222,0;23,0;0,035175879396984924
HRBJA;2021,0;12,0;11,0;194,0;19,0;0,06285714285714286
HRBJA;2022,0;1,0;8,0;397,0;32,0;0,021917808219178082
HRBJA;2022,0;3,0;5,0;194,0;23,0;0,029239766081871343
HRBJA;2022,0;4,0;6,0;164,0;18,0;0,0410958904109589
HRBJA;2022,0;5,0;1,0;185,0;26,0;0,006289308176100629
HRBJA;2022,0;6,0;3,0;164,0;16,0;0,02027027027027027
HRBJA;2022,0;7,0;5,0;221,0;27,0;0,02577319587628866
HRBJA;2022,0;8,0;7,0;209,0;23,0;0,03763440860215054
HRBJA;2022,0;9,0;4,0;201,0;23,0;0,02247191011235955
HRBJA;2022,0;10,0;5,0;184,0;18,0;0,030120481927710843
HRBJA;2022,0;11,0;2,0;163,0;14,0;0,013422818791946308
HRBJA;2022,0;12,0;4,0;199,0;24,0;0,022857142857142857
HRBJA;2023,0;1,0;7,0;192,0;14,0;0,03932584269662921
HRBJA;2023,0;2,0;3,0;164,0;11,0;0,0196078431372549
HRBJA;2023,0;3,0;5,0;170,0;19,0;0,033112582781456956
HRBJA;2023,0;4,0;4,0;203,0;25,0;0,02247191011235955
HRBJA;2023,0;5,0;5,0;182,0;20,0;0,030864197530864196
HRBJA;2023,0;6,0;8,0;208,0;26,0;0,04395604395604396
HRBJA;2023,0;7,0;6,0;185,0;17,0;0,03571428571428571
HRBJA;2023,0;8,0;7,0;202,0;27,0;0,04
HRBJA;2023,0;9,0;4,0;202,0;25,0;0,022598870056497175
HRBJA;2023,0;10,0;5,0;178,0;16,0;0,030864197530864196
HRBJA;2023,0;11,0;15,0;228,0;24,0;0,07352941176470588
HRBJA;2023,0;12,0;5,0;226,0;25,0;0,024875621890547265
HRBJA;2024,0;1,0;5,0;252,0;30,0;0,02252252252252252
HRBJA;2024,0;2,0;6,0;205,0;14,0;0,031413612565445025
HRBJA;2024,0;3,0;7,0;212,0;21,0;0,03664921465968586
HRBJA;2024,0;4,0;5,0;211,0;20,0;0,02617801047120419
HRBJA;2024,0;5,0;8,0;223,0;20,0;0,03940886699507389
HRBJA;2024,0;6,0;2,0;182,0;18,0;0,012195121951219513
HRBJA;2024,0;7,0;1,0;190,0;30,0;0,00625
HRBJA;2024,0;8,0;1,0;215,0;27,0;0,005319148936170213
HRBJA;2024,0;10,0;2,0;191,0;19,0;0,011627906976744186
HRBJA;2024,0;12,0;1,0;273,0;18,0;0,00392156862745098
HRBJA;2025,0;1,0;3,0;291,0;38,0;0,011857707509881422
HRBJA;2025,0;4,0;1,0;267,0;25,0;0,004132231404958678
HRBJA;2025,0;5,0;1,0;284,0;38,0;0,0040650406504065045
HRBJA;2025,0;6,0;1,0;272,0;32,0;0,004166666666666667
HRBJA;2025,0;7,0;1,0;292,0;28,0;0,003787878787878788
HRBJA;2025,0;8,0;2,0;274,0;32,0;0,008264462809917356
HRBJA;2025,0;9,0;1,0;248,0;24,0;0,004464285714285714
HRBJA;2025,0;10,0;1,0;242,0;37,0;0,004878048780487805
HRBJA;2026,0;1,0;3,0;279,0;24,0;0,011764705882352941
HRBJA;2026,0;3,0;3,0;300,0;21,0;0,010752688172043012
HRBJA;2026,0;5,0;3,0;297,0;29,0;0,011194029850746268
HRBJA;2026,0;6,0;3,0;308,0;24,0;0,01056338028169014
HRBJA;2026,0;7,0;1,0;297,0;27,0;0,003703703703703704
HRJP;2020,0;1,0;3,0;421,0;17,0;0,007425742574257425
HRJP;2020,0;2,0;1,0;131,0;0,0;0,007633587786259542
HRJP;2020,0;4,0;2,0;156,0;2,0;0,012987012987012988
HRJP;2020,0;5,0;3,0;140,0;6,0;0,022388059701492536
HRJP;2020,0;6,0;3,0;322,0;14,0;0,00974025974025974
HRJP;2020,0;7,0;4,0;382,0;27,0;0,011267605633802818
HRJP;2020,0;8,0;6,0;374,0;26,0;0,017241379310344827
HRJP;2020,0;9,0;6,0;366,0;19,0;0,01729106628242075
HRJP;2020,0;10,0;5,0;327,0;24,0;0,0165016501650165
HRJP;2020,0;11,0;5,0;408,0;28,0;0,013157894736842105
HRJP;2020,0;12,0;4,0;304,0;13,0;0,013745704467353952
HRJP;2021,0;1,0;4,0;382,0;24,0;0,0111731843575419
HRJP;2021,0;2,0;2,0;277,0;15,0;0,007633587786259542
HRJP;2021,0;3,0;12,0;440,0;16,0;0,02830188679245283
HRJP;2021,0;4,0;5,0;435,0;16,0;0,011933174224343675
HRJP;2021,0;5,0;2,0;373,0;10,0;0,005509641873278237
HRJP;2021,0;6,0;4,0;343,0;11,0;0,012048192771084338
HRJP;2021,0;7,0;5,0;342,0;15,0;0,01529051987767584
HRJP;2021,0;8,0;2,0;365,0;11,0;0,005649717514124294
HRJP;2021,0;9,0;4,0;338,0;12,0;0,012269938650306749
HRJP;2021,0;10,0;5,0;292,0;7,0;0,017543859649122806
HRJP;2021,0;11,0;8,0;334,0;7,0;0,024464831804281346
HRJP;2021,0;12,0;3,0;198,0;5,0;0,015544041450777202
HRJP;2022,0;1,0;3,0;401,0;7,0;0,007614213197969543
HRJP;2022,0;2,0;4,0;369,0;7,0;0,011049723756906077
HRJP;2022,0;3,0;7,0;380,0;14,0;0,01912568306010929
HRJP;2022,0;4,0;7,0;376,0;8,0;0,019021739130434784
HRJP;2022,0;5,0;7,0;388,0;8,0;0,018421052631578946
HRJP;2022,0;6,0;9,0;314,0;9,0;0,029508196721311476
HRJP;2022,0;7,0;8,0;341,0;5,0;0,023809523809523808
HRJP;2022,0;8,0;5,0;408,0;10,0;0,01256281407035176
HRJP;2022,0;9,0;5,0;420,0;7,0;0,012106537530266344
HRJP;2022,0;10,0;6,0;383,0;10,0;0,0160857908847185
HRJP;2022,0;11,0;3,0;384,0;8,0;0,007978723404255319
HRJP;2022,0;12,0;1,0;328,0;5,0;0,0030959752321981426
HRJP;2023,0;1,0;2,0;348,0;7,0;0,005865102639296188
HRJP;2023,0;2,0;7,0;370,0;11,0;0,019498607242339833
HRJP;2023,0;3,0;4,0;410,0;4,0;0,009852216748768473
HRJP;2023,0;4,0;8,0;393,0;9,0;0,020833333333333332
HRJP;2023,0;5,0;10,0;437,0;10,0;0,0234192037470726
HRJP;2023,0;6,0;7,0;393,0;8,0;0,01818181818181818
HRJP;2023,0;7,0;5,0;338,0;8,0;0,015151515151515152
HRJP;2023,0;8,0;9,0;443,0;15,0;0,02102803738317757
HRJP;2023,0;9,0;11,0;440,0;19,0;0,026128266033254157
HRJP;2023,0;10,0;5,0;445,0;14,0;0,01160092807424594
HRJP;2023,0;11,0;6,0;453,0;15,0;0,0136986301369863
HRJP;2023,0;12,0;10,0;429,0;18,0;0,024330900243309004
HRJP;2024,0;1,0;8,0;418,0;18,0;0,02
HRJP;2024,0;2,0;13,0;427,0;16,0;0,031630170316301706
HRJP;2024,0;3,0;14,0;500,0;25,0;0,029473684210526315
HRJP;2024,0;4,0;8,0;544,0;10,0;0,0149812734082397
HRJP;2024,0;5,0;11,0;528,0;18,0;0,021568627450980392
HRJP;2024,0;6,0;6,0;499,0;18,0;0,012474012474012475
HRJP;2024,0;7,0;13,0;463,0;19,0;0,02927927927927928
HRJP;2024,0;8,0;8,0;447,0;15,0;0,018518518518518517
HRJP;2024,0;9,0;10,0;499,0;15,0;0,02066115702479339
HRJP;2024,0;10,0;15,0;564,0;18,0;0,027472527472527472
HRJP;2024,0;11,0;6,0;463,0;10,0;0,013245033112582781
HRJP;2024,0;12,0;6,0;445,0;24,0;0,014251781472684086
HRJP;2025,0;1,0;8,0;432,0;10,0;0,018957345971563982
HRJP;2025,0;2,0;8,0;447,0;5,0;0,01809954751131222
HRJP;2025,0;3,0;2,0;576,0;15,0;0,0035650623885918
HRJP;2025,0;4,0;2,0;569,0;16,0;0,003616636528028933
HRJP;2025,0;5,0;2,0;611,0;11,0;0,0033333333333333335
HRJP;2025,0;6,0;1,0;547,0;10,0;0,00186219739292365
HRJP;2025,0;8,0;3,0;543,0;5,0;0,0055762081784386614
HRJP;2025,0;9,0;7,0;531,0;15,0;0,013565891472868217
HRJP;2025,0;10,0;3,0;568,0;19,0;0,00546448087431694
HRJP;2025,0;11,0;3,0;521,0;13,0;0,005905511811023622
HRJP;2025,0;12,0;3,0;508,0;17,0;0,006109979633401222
HRJP;2026,0;1,0;6,0;456,0;12,0;0,013513513513513514
HRJP;2026,0;2,0;4,0;487,0;11,0;0,008403361344537815
HRJP;2026,0;4,0;6,0;654,0;17,0;0,009419152276295133
HRJP;2026,0;5,0;7,0;594,0;18,0;0,012152777777777778
HRJP;2026,0;6,0;3,0;570,0;20,0;0,005454545454545455
HRJP;2026,0;7,0;4,0;577,0;21,0;0,007194244604316547
MOV;2019,0;6,0;3,0;501,0;3,0;0,006024096385542169
MOV;2019,0;9,0;7,0;550,0;1,0;0,012750455373406194
MOV;2019,0;10,0;2,0;389,0;2,0;0,00516795865633075
MOV;2019,0;11,0;6,0;693,0;2,0;0,008683068017366137
MOV;2019,0;12,0;8,0;692,0;6,0;0,011661807580174927
MOV;2020,0;1,0;4,0;646,0;4,0;0,006230529595015576
MOV;2020,0;7,0;10,0;686,0;4,0;0,01466275659824047
MOV;2020,0;8,0;2,0;563,0;3,0;0,0035714285714285713
MOV;2020,0;9,0;4,0;588,0;1,0;0,0068143100511073255
MOV;2020,0;10,0;4,0;540,0;0,0;0,007407407407407408
MOV;2020,0;11,0;9,0;628,0;2,0;0,01437699680511182
MOV;2020,0;12,0;5,0;501,0;2,0;0,01002004008016032
MOV;2021,0;1,0;11,0;628,0;0,0;0,01751592356687898
MOV;2021,0;2,0;3,0;627,0;3,0;0,004807692307692308
MOV;2021,0;3,0;5,0;682,0;2,0;0,007352941176470588
MOV;2021,0;4,0;9,0;682,0;2,0;0,013235294117647059
MOV;2021,0;5,0;8,0;713,0;4,0;0,011283497884344146
MOV;2021,0;6,0;6,0;679,0;3,0;0,008875739644970414
MOV;2021,0;7,0;6,0;681,0;7,0;0,008902077151335312
MOV;2021,0;8,0;7,0;752,0;6,0;0,00938337801608579
MOV;2021,0;9,0;5,0;672,0;2,0;0,007462686567164179
MOV;2021,0;10,0;3,0;601,0;2,0;0,005008347245409015
MOV;2021,0;11,0;13,0;657,0;6,0;0,019969278033794162
MOV;2021,0;12,0;9,0;648,0;3,0;0,013953488372093023
MOV;2022,0;1,0;11,0;586,0;3,0;0,018867924528301886
MOV;2022,0;2,0;10,0;581,0;1,0;0,017241379310344827
MOV;2022,0;3,0;12,0;678,0;1,0;0,01772525849335303
MOV;2022,0;4,0;3,0;589,0;1,0;0,00510204081632653
MOV;2022,0;5,0;9,0;686,0;2,0;0,013157894736842105
MOV;2022,0;6,0;10,0;667,0;1,0;0,015015015015015015
MOV;2022,0;7,0;14,0;687,0;6,0;0,020558002936857563
MOV;2022,0;8,0;8,0;619,0;2,0;0,012965964343598054
MOV;2022,0;9,0;11,0;618,0;1,0;0,017828200972447326
MOV;2022,0;10,0;13,0;594,0;0,0;0,021885521885521887
MOV;2022,0;11,0;8,0;618,0;1,0;0,012965964343598054
MOV;2022,0;12,0;11,0;678,0;3,0;0,016296296296296295
MOV;2023,0;1,0;9,0;648,0;1,0;0,013910355486862442
MOV;2023,0;2,0;9,0;622,0;2,0;0,014516129032258065
MOV;2023,0;3,0;15,0;756,0;3,0;0,0199203187250996
MOV;2023,0;4,0;8,0;658,0;3,0;0,012213740458015267
MOV;2023,0;5,0;12,0;669,0;3,0;0,018018018018018018
MOV;2023,0;6,0;15,0;728,0;3,0;0,020689655172413793
MOV;2023,0;7,0;10,0;689,0;4,0;0,014598540145985401
MOV;2023,0;8,0;14,0;705,0;1,0;0,019886363636363636
MOV;2023,0;9,0;13,0;672,0;0,0;0,019345238095238096
MOV;2023,0;10,0;19,0;737,0;4,0;0,02592087312414734
MOV;2023,0;11,0;17,0;711,0;3,0;0,02401129943502825
MOV;2023,0;12,0;17,0;747,0;2,0;0,022818791946308724
MOV;2024,0;1,0;12,0;677,0;3,0;0,017804154302670624
MOV;2024,0;2,0;9,0;721,0;5,0;0,012569832402234637
MOV;2024,0;3,0;21,0;823,0;4,0;0,02564102564102564
MOV;2024,0;4,0;20,0;743,0;3,0;0,02702702702702703
MOV;2024,0;5,0;16,0;767,0;2,0;0,02091503267973856
MOV;2024,0;6,0;16,0;672,0;4,0;0,023952095808383235
MOV;2024,0;7,0;15,0;698,0;2,0;0,021551724137931036
MOV;2024,0;8,0;18,0;686,0;2,0;0,02631578947368421
MOV;2024,0;9,0;7,0;761,0;3,0;0,009234828496042216
MOV;2024,0;10,0;5,0;655,0;8,0;0,0077279752704791345
MOV;2024,0;11,0;4,0;616,0;2,0;0,006514657980456026
MOV;2024,0;12,0;7,0;648,0;2,0;0,010835913312693499
MOV;2025,0;1,0;5,0;694,0;10,0;0,007309941520467836
MOV;2025,0;2,0;7,0;654,0;9,0;0,010852713178294573
MOV;2025,0;3,0;5,0;800,0;5,0;0,006289308176100629
MOV;2025,0;4,0;6,0;778,0;7,0;0,007782101167315175
MOV;2025,0;5,0;2,0;828,0;6,0;0,0024330900243309003
MOV;2025,0;6,0;5,0;756,0;8,0;0,0066844919786096255
MOV;2025,0;8,0;2,0;655,0;5,0;0,003076923076923077
MOV;2025,0;9,0;4,0;709,0;1,0;0,005649717514124294
MOV;2025,0;10,0;8,0;712,0;3,0;0,011283497884344146
MOV;2025,0;11,0;6,0;698,0;5,0;0,008658008658008658
MOV;2025,0;12,0;6,0;708,0;3,0;0,00851063829787234
MOV;2026,0;1,0;2,0;725,0;10,0;0,002797202797202797
MOV;2026,0;2,0;4,0;710,0;6,0;0,005681818181818182
MOV;2026,0;3,0;2,0;694,0;10,0;0,0029239766081871343
MOV;2026,0;4,0;1,0;744,0;8,0;0,001358695652173913
MOV;2026,0;5,0;4,0;828,0;4,0;0,0048543689320388345
MOV;2026,0;6,0;7,0;753,0;8,0;0,009395973154362415
MOV;2026,0;8,0;2,0;791,0;3,0;0,0025380710659898475
;;;;;;
Filtros aplicados: tx_reinternacao não é 0,00% estabelecimento não é (Em branco), CEPAI ou MGT Status operacional é Filtro de Ex-Unidades AnoMes não é (Em branco);;;;;;
